dateonly,dailyprecipitationtotal,dailywindspeedaverage,dailysnowfall
2020-01-01,0.0,8.32,0.0
2020-01-02,0.0,5.48,0.0
2020-01-03,0.25,4.216216216216216,0.0
2020-01-04,1.0,4.844827586206897,0.0
2020-01-05,0.0,9.8,0.0
2020-01-06,0.18,6.75,0.2
2020-01-07,0.0,4.7407407407407405,0.0
2020-01-08,0.0,9.555555555555555,0.0
2020-01-09,0.0,4.08,0.0
2020-01-10,0.0,6.166666666666667,0.0
2020-01-11,0.0,5.148148148148148,0.0
2020-01-12,0.07,9.53125,0.0
2020-01-13,0.0,4.290322580645161,0.0
2020-01-14,0.19999999999999998,4.761904761904762,0.0
2020-01-15,0.0,5.138888888888889,0.0
2020-01-16,0.23,9.806451612903226,0.0
2020-01-17,0.0,9.538461538461538,0.0
2020-01-18,1.21,6.622222222222222,2.1
2020-01-19,0.0,8.555555555555555,0.0
2020-01-20,0.0,7.52,0.0
2020-01-21,0.0,3.6,0.0
2020-01-22,0.0,0.0,0.0
2020-01-23,0.0,0.0,0.0
2020-01-24,0.0,0.0,0.0
2020-01-25,3.72,0.0,0.0
2020-01-26,0.0,0.0,0.0
2020-01-27,0.0,1.0,0.0
2020-01-28,0.0,8.24,0.0
2020-01-29,0.0,6.6,0.0
2020-01-30,0.0,4.32,0.0
2020-01-31,0.04,4.461538461538462,0.0
2020-02-01,0.0,3.1315789473684212,0.0
2020-02-02,0.14,6.17948717948718,0.0
2020-02-03,0.0,5.115384615384615,0.0
2020-02-04,0.0,3.48,0.0
2020-02-05,0.0,6.6875,0.0
2020-02-06,1.52,7.732142857142857,0.0
2020-02-07,0.67,10.630434782608695,0.0
2020-02-08,0.0,7.12,0.0
2020-02-09,0.0,5.76,0.0
2020-02-10,0.76,6.285714285714286,0.0
2020-02-11,1.3,3.887323943661972,0.0
2020-02-12,0.5700000000000001,4.928571428571429,0.0
2020-02-13,1.46,5.823529411764706,0.0
2020-02-14,0.0,6.88,0.0
2020-02-15,0.0,4.84,0.0
2020-02-16,0.0,5.16,0.0
2020-02-17,0.0,5.44,0.0
2020-02-18,0.0,6.861111111111111,0.0
2020-02-19,0.0,6.48,0.0
2020-02-20,0.0,4.72,0.0
2020-02-21,0.0,5.04,0.0
2020-02-22,0.0,5.8,0.0
2020-02-23,0.0,4.36,0.0
2020-02-24,0.0,2.96,0.0
2020-02-25,0.33,3.4545454545454546,0.0
2020-02-26,0.0,7.261904761904762,0.0
2020-02-27,1.24,12.742857142857142,0.0
2020-02-28,0.0,9.4,0.0
2020-02-29,0.0,7.8076923076923075,0.0
2020-03-01,0.0,5.32,0.0
2020-03-02,0.0,6.28,0.0
2020-03-03,1.0,8.347826086956522,0.0
2020-03-04,0.0,8.68,0.0
2020-03-05,0.0,5.12,0.0
2020-03-06,1.18,9.0,0.0
2020-03-07,0.0,7.12,0.0
2020-03-08,0.0,6.04,0.0
2020-03-09,0.0,5.92,0.0
2020-03-10,0.0,6.68,0.0
2020-03-11,0.0,4.32,0.0
2020-03-12,0.030000000000000002,5.8125,0.0
2020-03-13,0.87,8.414634146341463,0.0
2020-03-14,0.0,7.24,0.0
2020-03-15,0.0,6.074074074074074,0.0
2020-03-16,0.0,8.633333333333333,0.0
2020-03-17,0.26,4.513513513513513,0.0
2020-03-18,0.0,4.24,0.0
2020-03-19,3.27,7.066666666666666,0.0
2020-03-20,0.0,6.235294117647059,0.0
2020-03-21,0.0,6.8,0.0
2020-03-22,0.0,8.76,0.0
2020-03-23,4.63,10.12280701754386,0.0
2020-03-24,0.0,7.393939393939394,0.0
2020-03-25,0.03,10.545454545454545,0.0
2020-03-26,0.0,4.44,0.0
2020-03-27,0.0,4.4,0.0
2020-03-28,1.79,9.090909090909092,0.0
2020-03-29,0.12,14.294117647058824,0.0
2020-03-30,0.08,5.558139534883721,0.0
2020-03-31,0.21000000000000002,7.230769230769231,0.0
2020-04-01,0.0,7.038461538461538,0.0
2020-04-02,0.0,8.6,0.0
2020-04-03,0.13,8.4,0.0
2020-04-04,0.06,6.055555555555555,0.0
2020-04-05,0.0,2.44,0.0
2020-04-06,0.07,5.64,0.0
2020-04-07,0.0,3.92,0.0
2020-04-08,0.79,5.341463414634147,0.0
2020-04-09,0.46,9.571428571428571,0.0
2020-04-10,0.03,9.517241379310345,0.0
2020-04-11,0.0,8.6,0.0
2020-04-12,0.0,5.72,0.0
2020-04-13,7.56,9.681818181818182,0.0
2020-04-14,0.0,6.16,0.0
2020-04-15,0.0,6.037037037037037,0.0
2020-04-16,0.0,8.36,0.0
2020-04-17,0.13,5.833333333333333,0.0
2020-04-18,0.4,6.057142857142857,0.0
2020-04-19,0.0,6.36,0.0
2020-04-20,0.0,4.4,0.0
2020-04-21,0.52,7.266666666666667,0.0
2020-04-22,0.0,7.08,0.0
2020-04-23,0.41000000000000003,4.535714285714286,0.0
2020-04-24,1.22,9.022222222222222,0.0
2020-04-25,0.0,3.206896551724138,0.0
2020-04-26,0.8,12.487804878048781,0.0
2020-04-27,0.0,7.621621621621622,0.0
2020-04-28,0.0,3.12,0.0
2020-04-29,0.01,6.8125,0.0
2020-04-30,2.69,9.236363636363636,0.0
2020-05-01,0.91,5.089285714285714,0.0
2020-05-02,0.0,4.72,0.0
2020-05-03,0.02,5.48,0.0
2020-05-04,0.0,5.72,0.0
2020-05-05,0.0,5.4,0.0
2020-05-06,0.13,5.2727272727272725,0.0
2020-05-07,0.0,5.4,0.0
2020-05-08,1.09,5.052631578947368,0.0
2020-05-09,0.06,9.037037037037036,0.0
2020-05-10,0.0,6.76,0.0
2020-05-11,0.05,4.8,0.0
2020-05-12,0.0,6.28,0.0
2020-05-13,0.0,4.72,0.0
2020-05-14,0.0,2.08,0.0
2020-05-15,0.07,4.72,0.0
2020-05-16,0.04,3.888888888888889,0.0
2020-05-17,0.0,0.8518518518518519,0.0
2020-05-18,0.0,0.0,0.0
2020-05-19,0.0,0.0,0.0
2020-05-20,0.0,0.0,0.0
2020-05-21,0.0,0.0,0.0
2020-05-22,0.13,0.0,0.0
2020-05-23,2.3200000000000003,0.0,0.0
2020-05-24,0.0,0.0,0.0
2020-05-25,0.0,0.0,0.0
2020-05-26,0.0,0.0,0.0
2020-05-27,0.0,0.0,0.0
2020-05-28,0.0,0.0,0.0
2020-05-29,0.03,0.0,0.0
2020-05-30,0.04,0.0,0.0
2020-05-31,0.0,0.0,0.0
2020-06-01,0.0,0.0,0.0
2020-06-02,0.0,0.0,0.0
2020-06-03,1.3800000000000001,0.0,0.0
2020-06-04,0.48,0.0,0.0
2020-06-05,1.1300000000000001,0.0,0.0
2020-06-06,0.11000000000000001,0.0,0.0
2020-06-07,0.0,0.0,0.0
2020-06-08,0.0,0.0,0.0
2020-06-09,0.0,0.0,0.0
2020-06-10,0.0,0.0,0.0
2020-06-11,0.11,0.0,0.0
2020-06-12,0.0,0.0,0.0
2020-06-13,0.0,0.0,0.0
2020-06-14,0.0,0.0,0.0
2020-06-15,0.0,0.0,0.0
2020-06-16,0.0,0.0,0.0
2020-06-17,0.0,0.0,0.0
2020-06-18,0.0,0.0,0.0
2020-06-19,0.0,0.4482758620689655,0.0
2020-06-20,0.0,1.72,0.0
2020-06-21,0.0,2.185185185185185,0.0
2020-06-22,0.0,2.730769230769231,0.0
2020-06-23,0.0,2.32,0.0
2020-06-24,0.0,4.0,0.0
2020-06-25,0.0,2.56,0.0
2020-06-26,0.0,3.56,0.0
2020-06-27,0.38,3.5172413793103448,0.0
2020-06-28,0.44,2.9310344827586206,0.0
2020-06-29,3.4799999999999995,4.566666666666666,0.0
2020-06-30,0.0,3.107142857142857,0.0
2020-07-01,0.03,2.142857142857143,0.0
2020-07-02,0.0,3.24,0.0
2020-07-03,0.75,5.068181818181818,0.0
2020-07-04,0.0,4.787878787878788,0.0
2020-07-05,0.0,2.4193548387096775,0.0
2020-07-06,0.71,3.823529411764706,0.0
2020-07-07,0.0,5.3076923076923075,0.0
2020-07-08,0.02,3.3157894736842106,0.0
2020-07-09,0.0,2.9310344827586206,0.0
2020-07-10,6.29,9.703125,0.0
2020-07-11,4.109999999999999,4.808510638297872,0.0
2020-07-12,0.04,4.64,0.0
2020-07-13,0.02,4.0,0.0
2020-07-14,0.0,4.52,0.0
2020-07-15,0.0,6.0256410256410255,0.0
2020-07-16,0.0,3.433333333333333,0.0
2020-07-17,0.07,2.064516129032258,0.0
2020-07-18,0.0,1.32,0.0
2020-07-19,0.0,4.08,0.0
2020-07-20,0.0,3.6,0.0
2020-07-21,0.0,1.72,0.0
2020-07-22,5.54,5.424242424242424,0.0
2020-07-23,0.0,4.518518518518518,0.0
2020-07-24,1.31,4.512820512820513,0.0
2020-07-25,0.0,3.84,0.0
2020-07-26,0.0,5.36,0.0
2020-07-27,0.0,4.88,0.0
2020-07-28,0.0,4.24,0.0
2020-07-29,0.0,1.64,0.0
2020-07-30,0.32,3.6551724137931036,0.0
2020-07-31,2.04,3.16,0.0
2020-08-01,0.0,2.28,0.0
2020-08-02,0.0,3.923076923076923,0.0
2020-08-03,3.24,6.166666666666667,0.0
2020-08-04,2.27,10.307692307692308,0.0
2020-08-05,0.0,4.148148148148148,0.0
2020-08-06,0.0,2.0,0.0
2020-08-07,1.51,4.7555555555555555,0.0
2020-08-08,0.0,2.24,0.0
2020-08-09,0.0,3.24,0.0
2020-08-10,0.0,4.4,0.0
2020-08-11,0.0,3.32,0.0
2020-08-12,5.86,3.4857142857142858,0.0
2020-08-13,1.2,2.735294117647059,0.0
2020-08-14,0.0,5.52,0.0
2020-08-15,0.0,6.615384615384615,0.0
2020-08-16,0.45999999999999996,8.657142857142857,0.0
2020-08-17,0.42000000000000004,2.2758620689655173,0.0
2020-08-18,0.35,2.6923076923076925,0.0
2020-08-19,0.5700000000000001,3.7027027027027026,0.0
2020-08-20,0.0,2.96,0.0
2020-08-21,0.0,5.64,0.0
2020-08-22,0.0,4.04,0.0
2020-08-23,0.0,2.0,0.0
2020-08-24,0.0,2.92,0.0
2020-08-25,1.7999999999999998,8.068965517241379,0.0
2020-08-26,0.0,5.28,0.0
2020-08-27,1.5,4.464285714285714,0.0
2020-08-28,0.0,4.413793103448276,0.0
2020-08-29,0.01,4.34375,0.0
2020-08-30,0.0,7.32,0.0
2020-08-31,0.0,3.25,0.0
2020-09-01,1.03,4.613636363636363,0.0
2020-09-02,0.38,3.3181818181818183,0.0
2020-09-03,3.24,3.8823529411764706,0.0
2020-09-04,0.0,4.419354838709677,0.0
2020-09-05,0.0,3.44,0.0
2020-09-06,0.0,3.24,0.0
2020-09-07,0.0,2.08,0.0
2020-09-08,0.0,2.0303030303030303,0.0
2020-09-09,0.0,2.903225806451613,0.0
2020-09-10,5.89,3.9523809523809526,0.0
2020-09-11,0.0,5.904761904761905,0.0
2020-09-12,0.0,5.483870967741935,0.0
2020-09-13,0.0,3.3142857142857145,0.0
2020-09-14,0.0,4.52,0.0
2020-09-15,0.0,3.84,0.0
2020-09-16,0.0,2.36,0.0
2020-09-17,0.0,2.6774193548387095,0.0
2020-09-18,0.0,8.225806451612904,0.0
2020-09-19,0.0,7.0,0.0
2020-09-20,0.0,6.16,0.0
2020-09-21,0.0,4.52,0.0
2020-09-22,0.0,3.68,0.0
2020-09-23,0.0,4.88,0.0
2020-09-24,0.0,2.68,0.0
2020-09-25,0.0,2.0,0.0
2020-09-26,0.0,3.8157894736842106,0.0
2020-09-27,0.15,3.3773584905660377,0.0
2020-09-28,0.06,3.2051282051282053,0.0
2020-09-29,1.79,5.169491525423729,0.0
2020-09-30,5.319999999999999,7.590909090909091,0.0
2020-10-01,0.0,3.32,0.0
2020-10-02,0.04,3.72,0.0
2020-10-03,0.0,4.44,0.0
2020-10-04,0.0,4.08,0.0
2020-10-05,0.0,2.5357142857142856,0.0
2020-10-06,0.0,2.857142857142857,0.0
2020-10-07,0.02,8.24,0.0
2020-10-08,0.0,7.32,0.0
2020-10-09,0.0,2.48,0.0
2020-10-10,0.0,5.56,0.0
2020-10-11,0.0,6.5625,0.0
2020-10-12,3.4000000000000004,11.058823529411764,0.0
2020-10-13,1.08,7.862068965517241,0.0
2020-10-14,0.0,4.52,0.0
2020-10-15,0.0,4.0,0.0
2020-10-16,2.67,5.414634146341464,0.0
2020-10-17,0.03,3.4444444444444446,0.0
2020-10-18,0.0,3.28,0.0
2020-10-19,0.0,2.310344827586207,0.0
2020-10-20,0.0,2.4893617021276597,0.0
2020-10-21,0.0,1.4912280701754386,0.0
2020-10-22,0.0,1.1666666666666667,0.0
2020-10-23,0.0,1.8936170212765957,0.0
2020-10-24,0.0,3.9,0.0
2020-10-25,0.04,5.428571428571429,0.0
2020-10-26,0.04,3.8518518518518516,0.0
2020-10-27,0.0,4.473684210526316,0.0
2020-10-28,0.36,3.926829268292683,0.0
2020-10-29,4.66,9.821428571428571,0.0
2020-10-30,1.37,9.204081632653061,0.0
2020-10-31,0.0,2.269230769230769,0.0
2020-11-01,1.21,6.638888888888889,0.0
2020-11-02,0.0,10.44,0.0
2020-11-03,0.0,8.16,0.0
2020-11-04,0.0,3.44,0.0
2020-11-05,0.0,3.72,0.0
2020-11-06,0.0,4.32,0.0
2020-11-07,0.0,3.32,0.0
2020-11-08,0.0,1.68,0.0
2020-11-09,0.0,1.52,0.0
2020-11-10,0.0,4.8,0.0
2020-11-11,2.81,4.06,0.0
2020-11-12,0.9,6.87719298245614,0.0
2020-11-13,0.79,5.907407407407407,0.0
2020-11-14,0.0,4.64,0.0
2020-11-15,0.25,9.142857142857142,0.0
2020-11-16,0.0,6.08,0.0
2020-11-17,0.0,7.16,0.0
2020-11-18,0.0,8.36,0.0
2020-11-19,0.0,4.32,0.0
2020-11-20,0.0,5.48,0.0
2020-11-21,0.0,4.08,0.0
2020-11-22,0.0,6.642857142857143,0.0
2020-11-23,1.76,7.2631578947368425,0.0
2020-11-24,0.0,5.68,0.0
2020-11-25,0.0,3.52,0.0
2020-11-26,3.39,5.704545454545454,0.0
2020-11-27,0.0,3.4,0.0
2020-11-28,0.0,4.88,0.0
2020-11-29,0.0,2.28,0.0
2020-11-30,3.6,8.085106382978724,0.0
2020-12-01,0.0,4.945945945945946,0.0
2020-12-02,0.0,9.222222222222221,0.0
2020-12-03,0.0,6.36,0.0
2020-12-04,0.18,4.793103448275862,0.0
2020-12-05,3.04,8.976190476190476,0.0
2020-12-06,0.0,10.52,0.0
2020-12-07,0.0,6.36,0.0
2020-12-08,0.0,8.451612903225806,0.0
2020-12-09,0.06,7.527777777777778,0.0
2020-12-10,0.0,6.12,0.0
2020-12-11,0.0,3.64,0.0
2020-12-12,0.0,4.648648648648648,0.0
2020-12-13,0.0,6.52,0.0
2020-12-14,0.53,5.277777777777778,0.0
2020-12-15,0.0,6.68,0.0
2020-12-16,2.08,14.64864864864865,6.5
2020-12-17,1.3,11.477272727272727,4.0
2020-12-18,0.0,5.925925925925926,0.0
2020-12-19,0.0,2.96,0.0
2020-12-20,0.01,3.5428571428571427,0.0
2020-12-21,0.0,3.185185185185185,0.0
2020-12-22,0.0,6.923076923076923,0.0
2020-12-23,0.0,4.76,0.0
2020-12-24,1.1099999999999999,9.222222222222221,0.0
2020-12-25,3.0100000000000002,11.938775510204081,0.0
2020-12-26,0.0,8.28,0.0
2020-12-27,0.0,3.84,0.0
2020-12-28,0.0,5.387096774193548,0.0
2020-12-29,0.0,8.8,0.0
2020-12-30,0.0,5.071428571428571,0.0
2020-12-31,1.48,5.694444444444445,0.0
2021-01-01,2.0100000000000002,6.777777777777778,0.0
2021-01-02,0.17,7.333333333333333,0.0
2021-01-03,0.48000000000000004,9.878787878787879,0.0
2021-01-04,0.03,5.666666666666667,0.0
2021-01-05,0.0,5.4,0.0
2021-01-06,0.0,7.838709677419355,0.0
2021-01-07,0.0,6.28,0.0
2021-01-08,0.0,5.32,0.0
2021-01-09,0.0,6.52,0.0
2021-01-10,0.0,4.24,0.0
2021-01-11,0.0,2.44,0.0
2021-01-12,0.0,4.2,0.0
2021-01-13,0.0,2.84,0.0
2021-01-14,0.0,1.8,0.0
2021-01-15,0.83,8.527777777777779,0.0
2021-01-16,2.0700000000000003,9.682926829268293,0.0
2021-01-17,0.0,7.84,0.0
2021-01-18,0.0,7.2,0.0
2021-01-19,0.0,5.92,0.0
2021-01-20,0.16,7.2727272727272725,0.0
2021-01-21,0.0,3.4,0.0
2021-01-22,0.0,7.16,0.0
2021-01-23,0.0,10.68,0.0
2021-01-24,0.0,8.8,0.0
2021-01-25,0.0,5.24,0.0
2021-01-26,0.34,8.23913043478261,0.1
2021-01-27,0.0,7.0,0.0
2021-01-28,0.0,10.16,0.0
2021-01-29,0.0,13.76,0.0
2021-01-30,0.0,6.72,0.0
2021-01-31,0.4,8.6,2.0
2021-02-01,4.38,15.568965517241379,14.8
2021-02-02,0.44,10.117647058823529,0.4
2021-02-03,0.05,7.542857142857143,0.2
2021-02-04,0.0,6.76,0.0
2021-02-05,0.14,6.1875,0.0
2021-02-06,0.0,6.36,0.0
2021-02-07,0.71,7.704545454545454,4.5
2021-02-08,0.0,6.28,0.0
2021-02-09,0.0,5.45945945945946,0.0
2021-02-10,0.04,3.7586206896551726,0.0
2021-02-11,0.39,7.183673469387755,1.3
2021-02-12,0.0,5.08,0.0
2021-02-13,0.0,7.1923076923076925,0.0
2021-02-14,0.0,4.172413793103448,0.0
2021-02-15,0.05,7.052631578947368,0.0
2021-02-16,3.44,7.683333333333334,0.0
2021-02-17,0.0,6.6,0.0
2021-02-18,1.3800000000000001,11.016666666666667,3.2
2021-02-19,0.42,7.88135593220339,1.2
2021-02-20,0.0,7.892857142857143,0.0
2021-02-21,0.0,5.72,0.0
2021-02-22,1.87,4.957446808510638,0.4
2021-02-23,0.02,5.888888888888889,0.0
2021-02-24,0.0,5.72,0.0
2021-02-25,0.0,7.76,0.0
2021-02-26,0.0,4.32,0.0
2021-02-27,1.23,5.46,0.0
2021-02-28,0.42,5.7272727272727275,0.0
2021-03-01,0.52,7.392156862745098,0.0
2021-03-02,0.0,10.68,0.0
2021-03-03,0.0,5.68,0.0
2021-03-04,0.0,10.56,0.0
2021-03-05,0.0,10.88,0.0
2021-03-06,0.0,8.6,0.0
2021-03-07,0.0,6.16,0.0
2021-03-08,0.0,4.44,0.0
2021-03-09,0.0,6.76,0.0
2021-03-10,0.0,6.035714285714286,0.0
2021-03-11,0.0,2.888888888888889,0.0
2021-03-12,0.0,7.444444444444445,0.0
2021-03-13,0.0,7.72,0.0
2021-03-14,0.0,9.24,0.0
2021-03-15,0.0,7.44,0.0
2021-03-16,0.0,4.851851851851852,0.0
2021-03-17,0.0,3.12,0.0
2021-03-18,1.61,7.74,0.0
2021-03-19,0.07,11.153846153846153,0.0
2021-03-20,0.0,2.6,0.0
2021-03-21,0.0,3.0,0.0
2021-03-22,0.0,3.28,0.0
2021-03-23,0.0,5.228571428571429,0.0
2021-03-24,6.93,6.241379310344827,0.0
2021-03-25,0.02,4.113207547169812,0.0
2021-03-26,0.76,6.575,0.0
2021-03-27,0.0,5.12,0.0
2021-03-28,4.14,7.4035087719298245,0.0
2021-03-29,0.0,9.56,0.0
2021-03-30,0.0,5.48,0.0
2021-03-31,0.79,4.365853658536586,0.0
2021-04-01,0.07,11.846153846153847,0.0
2021-04-02,0.0,9.12,0.0
2021-04-03,0.0,6.0,0.0
2021-04-04,0.0,4.04,0.0
2021-04-05,0.0,5.36,0.0
2021-04-06,0.0,1.68,0.0
2021-04-07,0.0,2.68,0.0
2021-04-08,0.0,4.12,0.0
2021-04-09,0.01,3.357142857142857,0.0
2021-04-10,0.01,2.9705882352941178,0.0
2021-04-11,1.33,7.786885245901639,0.0
2021-04-12,1.48,8.22,0.0
2021-04-13,0.15,5.53125,0.0
2021-04-14,0.0,2.076923076923077,0.0
2021-04-15,2.47,5.454545454545454,0.0
2021-04-16,0.06,7.054054054054054,0.0
2021-04-17,0.0,5.064516129032258,0.0
2021-04-18,0.0,3.36,0.0
2021-04-19,0.0,2.8,0.0
2021-04-20,0.0,3.28,0.0
2021-04-21,0.55,6.758620689655173,0.0
2021-04-22,0.0,10.32,0.0
2021-04-23,0.0,7.28,0.0
2021-04-24,0.0,3.84,0.0
2021-04-25,1.92,6.121951219512195,0.0
2021-04-26,0.0,8.2,0.0
2021-04-27,0.0,1.92,0.0
2021-04-28,0.15000000000000002,2.888888888888889,0.0
2021-04-29,0.06,2.6666666666666665,0.0
2021-04-30,0.09,12.633333333333333,0.0
2021-05-01,0.0,7.72,0.0
2021-05-02,0.0,6.56,0.0
2021-05-03,2.3,6.9714285714285715,0.0
2021-05-04,0.65,4.761904761904762,0.0
2021-05-05,1.37,5.573770491803279,0.0
2021-05-06,0.0,5.7407407407407405,0.0
2021-05-07,0.0,4.52,0.0
2021-05-08,0.05,3.6296296296296298,0.0
2021-05-09,1.49,5.076923076923077,0.0
2021-05-10,0.05,5.405405405405405,0.0
2021-05-11,0.0,5.92,0.0
2021-05-12,0.0,5.16,0.0
2021-05-13,0.0,3.96,0.0
2021-05-14,0.0,4.68,0.0
2021-05-15,0.0,2.84,0.0
2021-05-16,0.01,1.76,0.0
2021-05-17,0.0,3.6,0.0
2021-05-18,0.0,4.68,0.0
2021-05-19,0.0,4.52,0.0
2021-05-20,0.0,2.08,0.0
2021-05-21,0.0,1.36,0.0
2021-05-22,0.0,3.44,0.0
2021-05-23,0.0,7.24,0.0
2021-05-24,0.0,5.04,0.0
2021-05-25,0.0,4.344827586206897,0.0
2021-05-26,0.11,4.580645161290323,0.0
2021-05-27,0.04,4.518518518518518,0.0
2021-05-28,5.2700000000000005,11.875,0.0
2021-05-29,1.18,12.263157894736842,0.0
2021-05-30,3.7,9.256756756756756,0.0
2021-05-31,0.04,4.4411764705882355,0.0
2021-06-01,0.0,1.88,0.0
2021-06-02,0.0,2.24,0.0
2021-06-03,1.17,2.122448979591837,0.0
2021-06-04,2.0999999999999996,5.85,0.0
2021-06-05,0.0,4.36,0.0
2021-06-06,0.0,2.6,0.0
2021-06-07,0.2,2.5925925925925926,0.0
2021-06-08,1.4000000000000001,4.1,0.0
2021-06-09,0.01,2.8,0.0
2021-06-10,0.0,5.8,0.0
2021-06-11,0.0,4.851851851851852,0.0
2021-06-12,0.0,4.566666666666666,0.0
2021-06-13,0.01,2.0,0.0
2021-06-14,0.65,3.75,0.0
2021-06-15,0.0,4.214285714285714,0.0
2021-06-16,0.0,4.36,0.0
2021-06-17,0.0,3.48,0.0
2021-06-18,0.0,4.6,0.0
2021-06-19,0.42,4.931034482758621,0.0
2021-06-20,0.0,2.36,0.0
2021-06-21,0.0,3.888888888888889,0.0
2021-06-22,0.78,6.194444444444445,0.0
2021-06-23,0.0,3.576923076923077,0.0
2021-06-24,0.0,3.56,0.0
2021-06-25,0.0,2.5161290322580645,0.0
2021-06-26,0.12,3.9,0.0
2021-06-27,0.0,4.354838709677419,0.0
2021-06-28,0.0,3.96,0.0
2021-06-29,0.0,4.44,0.0
2021-06-30,2.94,4.828571428571428,0.0
2021-07-01,3.97,2.982456140350877,0.0
2021-07-02,1.8800000000000001,4.953488372093023,0.0
2021-07-03,1.92,6.92,0.0
2021-07-04,0.0,3.0789473684210527,0.0
2021-07-05,0.0,3.085714285714286,0.0
2021-07-06,2.18,6.277777777777778,0.0
2021-07-07,0.0,2.48,0.0
2021-07-08,7.680000000000001,6.129032258064516,0.0
2021-07-09,8.07,6.52542372881356,0.0
2021-07-10,1.37,3.3636363636363638,0.0
2021-07-11,0.02,2.477272727272727,0.0
2021-07-12,5.69,5.3076923076923075,0.0
2021-07-13,0.0,6.3428571428571425,0.0
2021-07-14,0.0,3.6842105263157894,0.0
2021-07-15,0.0,2.48,0.0
2021-07-16,0.0,2.96,0.0
2021-07-17,2.53,4.045454545454546,0.0
2021-07-18,0.15000000000000002,5.2444444444444445,0.0
2021-07-19,0.01,4.363636363636363,0.0
2021-07-20,0.0,3.0344827586206895,0.0
2021-07-21,0.12000000000000001,2.4074074074074074,0.0
2021-07-22,0.0,3.2,0.0
2021-07-23,0.01,2.730769230769231,0.0
2021-07-24,0.0,2.230769230769231,0.0
2021-07-25,2.71,3.3714285714285714,0.0
2021-07-26,1.26,2.0606060606060606,0.0
2021-07-27,0.0,2.72,0.0
2021-07-28,0.39999999999999997,4.0,0.0
2021-07-29,2.62,5.571428571428571,0.0
2021-07-30,0.0,6.75,0.0
2021-07-31,0.0,2.6538461538461537,0.0
2021-08-01,0.06,1.6666666666666667,0.0
2021-08-02,0.0,5.25,0.0
2021-08-03,0.0,1.24,0.0
2021-08-04,0.0,5.269230769230769,0.0
2021-08-05,0.0,4.2592592592592595,0.0
2021-08-06,0.0,3.44,0.0
2021-08-07,0.0,4.08,0.0
2021-08-08,0.45,8.829787234042554,0.0
2021-08-09,0.0,5.475,0.0
2021-08-10,3.45,3.723404255319149,0.0
2021-08-11,0.52,3.9310344827586206,0.0
2021-08-12,0.0,3.8,0.0
2021-08-13,0.0,2.576923076923077,0.0
2021-08-14,0.0,3.3846153846153846,0.0
2021-08-15,0.0,3.1538461538461537,0.0
2021-08-16,0.0,2.84,0.0
2021-08-17,0.0,2.7777777777777777,0.0
2021-08-18,0.0,3.9,0.0
2021-08-19,0.6,4.7,0.0
2021-08-20,0.0,2.2857142857142856,0.0
2021-08-21,21.16,5.1063829787234045,0.0
2021-08-22,7.65,6.462686567164179,0.0
2021-08-23,4.95,5.886792452830188,0.0
2021-08-24,0.0,2.48,0.0
2021-08-25,0.0,1.76,0.0
2021-08-26,0.0,2.923076923076923,0.0
2021-08-27,2.59,4.96875,0.0
2021-08-28,0.0,9.536585365853659,0.0
2021-08-29,0.0,3.0,0.0
2021-08-30,0.0,2.1714285714285713,0.0
2021-08-31,0.0,3.0,0.0
2021-09-01,23.78,12.425925925925926,0.0
2021-09-02,0.4,5.59375,0.0
2021-09-03,0.0,3.6,0.0
2021-09-04,0.0,1.92,0.0
2021-09-05,0.06,2.6666666666666665,0.0
2021-09-06,0.0,4.305555555555555,0.0
2021-09-07,0.0,2.16,0.0
2021-09-08,0.0,2.6,0.0
2021-09-09,0.97,3.169811320754717,0.0
2021-09-10,0.0,5.68,0.0
2021-09-11,0.0,1.72,0.0
2021-09-12,0.0,3.68,0.0
2021-09-13,0.33999999999999997,4.071428571428571,0.0
2021-09-14,0.0,0.6923076923076923,0.0
2021-09-15,0.0,0.0,0.0
2021-09-16,0.0,0.0,0.0
2021-09-17,0.0,0.0,0.0
2021-09-18,0.0,0.0,0.0
2021-09-19,0.0,0.0,0.0
2021-09-20,0.0,0.0,0.0
2021-09-21,0.33999999999999997,0.0,0.0
2021-09-22,0.03,0.0,0.0
2021-09-23,7.390000000000001,4.660714285714286,0.0
2021-09-24,3.98,4.348837209302325,0.0
2021-09-25,0.0,0.72,0.0
2021-09-26,0.0,2.32,0.0
2021-09-27,0.0,0.0,0.0
2021-09-28,1.3,0.0,0.0
2021-09-29,0.0,0.0,0.0
2021-09-30,0.0,0.0,0.0
2021-10-01,0.0,0.0,0.0
2021-10-02,0.0,0.0,0.0
2021-10-03,0.0,0.0,0.0
2021-10-04,0.39,0.0,0.0
2021-10-05,0.0,2.0294117647058822,0.0
2021-10-06,0.0,1.3823529411764706,0.0
2021-10-07,0.0,1.3333333333333333,0.0
2021-10-08,0.0,4.074074074074074,0.0
2021-10-09,0.0,8.897435897435898,0.0
2021-10-10,0.36,10.605263157894736,0.0
2021-10-11,0.0,7.2,0.0
2021-10-12,0.0,3.4166666666666665,0.0
2021-10-13,0.0,1.8235294117647058,0.0
2021-10-14,0.0,2.56,0.0
2021-10-15,0.0,2.28,0.0
2021-10-16,0.89,5.888888888888889,0.0
2021-10-17,0.0,6.12,0.0
2021-10-18,0.0,6.48,0.0
2021-10-19,0.0,4.48,0.0
2021-10-20,0.0,2.96,0.0
2021-10-21,0.0,3.8,0.0
2021-10-22,0.0,4.384615384615385,0.0
2021-10-23,0.01,2.8,0.0
2021-10-24,0.07,3.1538461538461537,0.0
2021-10-25,0.99,5.333333333333333,0.0
2021-10-26,12.8,8.71830985915493,0.0
2021-10-27,0.26,8.5,0.0
2021-10-28,0.0,4.9411764705882355,0.0
2021-10-29,2.25,9.634146341463415,0.0
2021-10-30,1.83,6.431034482758621,0.0
2021-10-31,0.12,5.177777777777778,0.0
2021-11-01,0.0,4.92,0.0
2021-11-02,0.0,2.76,0.0
2021-11-03,0.0,4.0,0.0
2021-11-04,0.0,3.68,0.0
2021-11-05,0.0,3.56,0.0
2021-11-06,0.0,2.32,0.0
2021-11-07,0.0,2.64,0.0
2021-11-08,0.0,2.44,0.0
2021-11-09,0.0,2.6,0.0
2021-11-10,0.0,3.0,0.0
2021-11-11,0.02,5.115384615384615,0.0
2021-11-12,2.7800000000000002,7.888888888888889,0.0
2021-11-13,2.0,6.606060606060606,0.0
2021-11-14,0.01,4.076923076923077,0.0
2021-11-15,0.0,5.52,0.0
2021-11-16,0.0,5.16,0.0
2021-11-17,0.0,2.56,0.0
2021-11-18,0.12,6.296296296296297,0.0
2021-11-19,0.01,8.28,0.0
2021-11-20,0.0,2.72,0.0
2021-11-21,0.02,3.310344827586207,0.0
2021-11-22,0.060000000000000005,6.758620689655173,0.0
2021-11-23,0.0,8.04,0.0
2021-11-24,0.0,4.68,0.0
2021-11-25,0.02,2.32,0.0
2021-11-26,0.16,8.321428571428571,0.0
2021-11-27,0.0,7.76,0.0
2021-11-28,0.0,2.1666666666666665,0.0
2021-11-29,0.0,6.36,0.0
2021-11-30,0.0,5.481481481481482,0.0
2021-12-01,0.0,3.44,0.0
2021-12-02,0.02,4.96,0.0
2021-12-03,0.0,8.36,0.0
2021-12-04,0.0,3.44,0.0
2021-12-05,0.0,2.48,0.0
2021-12-06,1.91,7.339622641509434,0.0
2021-12-07,0.0,5.4,0.0
2021-12-08,0.15,5.783783783783784,0.0
2021-12-09,0.0,5.04,0.0
2021-12-10,0.0,2.72,0.0
2021-12-11,0.22,6.541666666666667,0.0
2021-12-12,0.0,8.24,0.0
2021-12-13,0.0,7.56,0.0
2021-12-14,0.0,5.56,0.0
2021-12-15,0.0,5.482758620689655,0.0
2021-12-16,0.0,7.2592592592592595,0.0
2021-12-17,0.0,7.12,0.0
2021-12-18,0.14,4.82,0.0
2021-12-19,0.04,5.696969696969697,0.0
2021-12-20,0.0,5.4,0.0
2021-12-21,0.0,4.72,0.0
2021-12-22,0.46,7.447368421052632,0.0
2021-12-23,0.0,4.48,0.0
2021-12-24,0.19999999999999998,4.428571428571429,0.2
2021-12-25,0.33,3.4864864864864864,0.0
2021-12-26,0.0,10.407407407407407,0.0
2021-12-27,0.15,4.517241379310345,0.0
2021-12-28,0.1,5.2368421052631575,0.0
2021-12-29,0.14,7.222222222222222,0.0
2021-12-30,0.13,4.269230769230769,0.0
2021-12-31,0.0,4.0,0.0
2022-01-01,3.1300000000000003,5.728813559322034,0.0
2022-01-02,0.08,6.041666666666667,0.0
2022-01-03,0.0,9.068965517241379,0.0
2022-01-04,0.0,5.76,0.0
2022-01-05,1.0,6.933333333333334,0.0
2022-01-06,0.0,6.36,0.0
2022-01-07,1.15,9.155555555555555,5.8
2022-01-08,0.0,6.16,0.0
2022-01-09,0.19,6.625,0.0
2022-01-10,0.0,8.36,0.0
2022-01-11,0.0,7.178571428571429,0.0
2022-01-12,0.0,5.52,0.0
2022-01-13,0.0,3.2,0.0
2022-01-14,0.0,8.09375,0.0
2022-01-15,0.0,7.08,0.0
2022-01-16,0.95,10.275,0.8
2022-01-17,3.47,12.097560975609756,0.0
2022-01-18,0.0,8.76,0.0
2022-01-19,0.0,5.92,0.0
2022-01-20,0.79,6.930232558139535,0.0
2022-01-21,0.0,7.56,0.0
2022-01-22,0.0,5.36,0.0
2022-01-23,0.11,5.363636363636363,0.2
2022-01-24,0.0,4.75,0.0
2022-01-25,0.0,5.88,0.0
2022-01-26,0.0,5.52,0.0
2022-01-27,0.0,5.407407407407407,0.0
2022-01-28,0.44,6.135593220338983,1.2
2022-01-29,1.78,13.023809523809524,7.299999999999999
2022-01-30,0.0,6.56,0.0
2022-01-31,0.0,3.5384615384615383,0.0
2022-02-01,0.0,5.32,0.0
2022-02-02,0.0,4.944444444444445,0.0
2022-02-03,1.52,4.181818181818182,0.0
2022-02-04,2.35,8.271186440677965,0.0
2022-02-05,0.0,8.444444444444445,0.0
2022-02-06,0.0,4.357142857142857,0.0
2022-02-07,0.59,5.946666666666666,0.0
2022-02-08,0.12,6.84375,0.0
2022-02-09,0.0,3.64,0.0
2022-02-10,0.0,4.64,0.0
2022-02-11,0.0,5.12,0.0
2022-02-12,0.0,6.88,0.0
2022-02-13,0.88,7.298507462686567,1.6
2022-02-14,0.0,8.0,0.0
2022-02-15,0.0,4.72,0.0
2022-02-16,0.0,6.2,0.0
2022-02-17,0.7100000000000001,6.777777777777778,0.0
2022-02-18,1.27,10.0625,0.0
2022-02-19,0.0,9.310344827586206,0.0
2022-02-20,0.0,7.08,0.0
2022-02-21,0.0,3.96,0.0
2022-02-22,0.68,7.061224489795919,0.0
2022-02-23,0.0,7.24,0.0
2022-02-24,0.0,7.4,0.0
2022-02-25,3.52,10.015384615384615,0.4
2022-02-26,0.0,6.925925925925926,0.0
2022-02-27,0.0,9.8,0.0
2022-02-28,0.0,5.653846153846154,0.0
2022-03-01,0.0,5.68,0.0
2022-03-02,0.0,4.76,0.0
2022-03-03,0.01,9.925925925925926,0.0
2022-03-04,0.0,4.84,0.0
2022-03-05,0.0,4.038461538461538,0.0
2022-03-06,0.34,6.386363636363637,0.0
2022-03-07,0.03,7.52,0.0
2022-03-08,0.0,9.08,0.0
2022-03-09,1.75,7.03921568627451,0.4
2022-03-10,0.0,2.28125,0.0
2022-03-11,0.0,5.0,0.0
2022-03-12,2.65,13.173913043478262,0.0
2022-03-13,0.0,10.06060606060606,0.0
2022-03-14,0.0,5.36,0.0
2022-03-15,0.0,4.96,0.0
2022-03-16,0.0,4.4,0.0
2022-03-17,0.25,6.596153846153846,0.0
2022-03-18,0.0,5.472222222222222,0.0
2022-03-19,0.05,4.026315789473684,0.0
2022-03-20,0.0,7.84,0.0
2022-03-21,0.0,8.481481481481481,0.0
2022-03-22,0.0,6.72,0.0
2022-03-23,0.08,7.888888888888889,0.0
2022-03-24,3.94,11.830188679245284,0.0
2022-03-25,0.08,4.620689655172414,0.0
2022-03-26,0.0,5.8,0.0
2022-03-27,0.0,10.48,0.0
2022-03-28,0.0,11.24,0.0
2022-03-29,0.0,10.28,0.0
2022-03-30,0.0,4.56,0.0
2022-03-31,0.15,5.476190476190476,0.0
2022-04-01,1.56,7.853658536585366,0.0
2022-04-02,0.0,6.12,0.0
2022-04-03,0.29,4.448275862068965,0.0
2022-04-04,0.0,6.2,0.0
2022-04-05,0.07,3.892857142857143,0.0
2022-04-06,0.8,11.64102564102564,0.0
2022-04-07,5.08,9.456140350877194,0.0
2022-04-08,0.03,7.8,0.0
2022-04-09,0.08,6.628571428571429,0.0
2022-04-10,0.0,9.535714285714286,0.0
2022-04-11,0.0,4.4,0.0
2022-04-12,0.07,3.44,0.0
2022-04-13,0.0,3.76,0.0
2022-04-14,0.18,5.535714285714286,0.0
2022-04-15,0.0,5.88,0.0
2022-04-16,0.41,6.5,0.0
2022-04-17,0.0,6.28,0.0
2022-04-18,2.93,9.03225806451613,0.0
2022-04-19,2.0100000000000002,10.857142857142858,0.0
2022-04-20,0.0,5.84,0.0
2022-04-21,0.0,5.8,0.0
2022-04-22,0.0,6.16,0.0
2022-04-23,0.0,5.407407407407407,0.0
2022-04-24,0.0,4.48,0.0
2022-04-25,0.0,5.076923076923077,0.0
2022-04-26,0.04,4.611111111111111,0.0
2022-04-27,0.0,8.961538461538462,0.0
2022-04-28,0.0,9.56,0.0
2022-04-29,0.0,7.08,0.0
2022-04-30,0.0,2.6923076923076925,0.0
2022-05-01,0.0,3.08,0.0
2022-05-02,1.52,5.981481481481482,0.0
2022-05-03,0.0,6.948717948717949,0.0
2022-05-04,0.14,2.75,0.0
2022-05-05,0.0,3.8,0.0
2022-05-06,1.72,5.363636363636363,0.0
2022-05-07,2.0500000000000003,12.465116279069768,0.0
2022-05-08,0.0,11.0,0.0
2022-05-09,0.0,11.16,0.0
2022-05-10,0.0,9.88,0.0
2022-05-11,0.0,5.857142857142857,0.0
2022-05-12,0.0,6.081081081081081,0.0
2022-05-13,0.06,4.173913043478261,0.0
2022-05-14,0.9199999999999999,4.222222222222222,0.0
2022-05-15,0.6,1.7037037037037037,0.0
2022-05-16,0.24,5.222222222222222,0.0
2022-05-17,0.0,95.6,0.0
2022-05-18,0.02,3.56,0.0
2022-05-19,3.1,4.36,0.0
2022-05-20,2.62,5.206896551724138,0.0
2022-05-21,0.0,1.8709677419354838,0.0
2022-05-22,0.0,4.148148148148148,0.0
2022-05-23,0.0,6.2,0.0
2022-05-24,0.0,4.92,0.0
2022-05-25,0.0,2.36,0.0
2022-05-26,0.0,2.7857142857142856,0.0
2022-05-27,1.35,4.608695652173913,0.0
2022-05-28,4.710000000000001,5.7,0.0
2022-05-29,0.0,1.64,0.0
2022-05-30,0.0,3.12,0.0
2022-05-31,0.0,5.153846153846154,0.0
2022-06-01,4.33,6.545454545454546,0.0
2022-06-02,1.47,5.527777777777778,0.0
2022-06-03,0.0,4.27027027027027,0.0
2022-06-04,0.0,2.28,0.0
2022-06-05,0.0,3.32,0.0
2022-06-06,0.0,3.8,0.0
2022-06-07,0.14,5.0,0.0
2022-06-08,0.03,4.903225806451613,0.0
2022-06-09,3.85,6.553191489361702,0.0
2022-06-10,0.0,5.62962962962963,0.0
2022-06-11,0.0,3.32,0.0
2022-06-12,0.09,3.361111111111111,0.0
2022-06-13,0.0,3.1333333333333333,0.0
2022-06-14,0.0,4.32,0.0
2022-06-15,0.0,3.28,0.0
2022-06-16,1.2,4.829268292682927,0.0
2022-06-17,0.0,5.666666666666667,0.0
2022-06-18,0.0,8.16,0.0
2022-06-19,0.0,5.36,0.0
2022-06-20,0.0,3.28,0.0
2022-06-21,0.1,2.730769230769231,0.0
2022-06-22,0.06,5.66,0.0
2022-06-23,0.08,4.095238095238095,0.0
2022-06-24,0.0,2.8536585365853657,0.0
2022-06-25,0.0,2.04,0.0
2022-06-26,0.0,3.36,0.0
2022-06-27,1.74,4.025,0.0
2022-06-28,0.0,2.4,0.0
2022-06-29,0.0,2.074074074074074,0.0
2022-06-30,0.0,2.6538461538461537,0.0
2022-07-01,0.0,3.16,0.0
2022-07-02,0.0,2.52,0.0
2022-07-03,0.0,3.36,0.0
2022-07-04,0.0,2.52,0.0
2022-07-05,0.27,4.75,0.0
2022-07-06,0.0,4.851851851851852,0.0
2022-07-07,0.0,4.44,0.0
2022-07-08,1.2,2.787878787878788,0.0
2022-07-09,0.0,2.8461538461538463,0.0
2022-07-10,0.0,4.928571428571429,0.0
2022-07-11,0.0,5.379310344827586,0.0
2022-07-12,0.0,5.555555555555555,0.0
2022-07-13,0.0,2.56,0.0
2022-07-14,0.0,3.64,0.0
2022-07-15,0.0,4.28,0.0
2022-07-16,8.18,6.146341463414634,0.0
2022-07-17,0.0,2.4482758620689653,0.0
2022-07-18,15.36,6.375,0.0
2022-07-19,0.0,5.08,0.0
2022-07-20,0.0,3.56,0.0
2022-07-21,0.8,4.689655172413793,0.0
2022-07-22,0.0,2.64,0.0
2022-07-23,0.0,2.0384615384615383,0.0
2022-07-24,0.0,4.88,0.0
2022-07-25,5.9,6.0,0.0
2022-07-26,0.0,3.4,0.0
2022-07-27,0.0,1.96,0.0
2022-07-28,0.04,3.032258064516129,0.0
2022-07-29,0.30000000000000004,2.7777777777777777,0.0
2022-07-30,0.0,4.28,0.0
2022-07-31,0.0,2.1153846153846154,0.0
2022-08-01,2.46,4.466666666666667,0.0
2022-08-02,0.0,3.32,0.0
2022-08-03,0.0,2.68,0.0
2022-08-04,0.0,3.36,0.0
2022-08-05,0.0,3.52,0.0
2022-08-06,0.0,3.56,0.0
2022-08-07,0.8,5.944444444444445,0.0
2022-08-08,0.0,5.551724137931035,0.0
2022-08-09,0.18,82.62068965517241,0.0
2022-08-10,0.0,3.56,0.0
2022-08-11,0.35,2.75,0.0
2022-08-12,0.0,5.24,0.0
2022-08-13,0.0,4.4,0.0
2022-08-14,0.0,2.24,0.0
2022-08-15,0.0,1.44,0.0
2022-08-16,0.0,5.36,0.0
2022-08-17,1.7000000000000002,4.9655172413793105,0.0
2022-08-18,0.0,2.96,0.0
2022-08-19,0.0,3.24,0.0
2022-08-20,0.0,2.72,0.0
2022-08-21,0.0,2.75,0.0
2022-08-22,1.4000000000000001,4.183333333333334,0.0
2022-08-23,0.0,2.6545454545454548,0.0
2022-08-24,0.0,3.32,0.0
2022-08-25,0.0,2.44,0.0
2022-08-26,1.4,3.1333333333333333,0.0
2022-08-27,0.0,3.56,0.0
2022-08-28,0.0,5.842105263157895,0.0
2022-08-29,0.0,3.25,0.0
2022-08-30,0.12000000000000001,4.0625,0.0
2022-08-31,0.0,5.107142857142857,0.0
2022-09-01,0.0,4.310344827586207,0.0
2022-09-02,0.0,3.52,0.0
2022-09-03,0.0,2.04,0.0
2022-09-04,0.0,2.28,0.0
2022-09-05,0.17,2.1481481481481484,0.0
2022-09-06,2.79,5.523076923076923,0.0
2022-09-07,0.0,6.75,0.0
2022-09-08,0.0,4.148148148148148,0.0
2022-09-09,0.0,3.32,0.0
2022-09-10,0.0,2.4,0.0
2022-09-11,0.89,3.073170731707317,0.0
2022-09-12,5.18,3.5576923076923075,0.0
2022-09-13,2.48,4.035714285714286,0.0
2022-09-14,0.0,5.6,0.0
2022-09-15,0.0,4.88,0.0
2022-09-16,0.0,2.12,0.0
2022-09-17,0.0,4.44,0.0
2022-09-18,0.0,5.52,0.0
2022-09-19,0.66,3.8275862068965516,0.0
2022-09-20,0.0,3.88,0.0
2022-09-21,0.0,2.769230769230769,0.0
2022-09-22,2.61,8.317073170731707,0.0
2022-09-23,0.0,7.88,0.0
2022-09-24,0.0,3.24,0.0
2022-09-25,4.94,4.225806451612903,0.0
2022-09-26,0.0,5.08,0.0
2022-09-27,0.0,4.16,0.0
2022-09-28,0.0,3.96,0.0
2022-09-29,0.0,5.52,0.0
2022-09-30,0.0,7.0344827586206895,0.0
2022-10-01,2.09,11.0,0.0
2022-10-02,0.0,12.8,0.0
2022-10-03,0.47000000000000003,10.32,0.0
2022-10-04,5.99,10.086206896551724,0.0
2022-10-05,1.08,6.020408163265306,0.0
2022-10-06,0.0,2.769230769230769,0.0
2022-10-07,0.0,4.84,0.0
2022-10-08,0.030000000000000002,4.16,0.0
2022-10-09,0.0,3.04,0.0
2022-10-10,0.0,3.08,0.0
2022-10-11,0.0,2.52,0.0
2022-10-12,0.0,2.88,0.0
2022-10-13,3.63,6.37037037037037,0.0
2022-10-14,0.88,5.073170731707317,0.0
2022-10-15,0.0,2.76,0.0
2022-10-16,0.0,2.64,0.0
2022-10-17,0.26,4.142857142857143,0.0
2022-10-18,0.0,5.6,0.0
2022-10-19,0.0,5.36,0.0
2022-10-20,0.0,5.36,0.0
2022-10-21,0.0,2.16,0.0
2022-10-22,0.0,2.68,0.0
2022-10-23,0.02,7.3,0.0
2022-10-24,2.58,8.085714285714285,0.0
2022-10-25,0.0,3.6271186440677967,0.0
2022-10-26,0.0,3.108695652173913,0.0
2022-10-27,0.0,6.6,0.0
2022-10-28,0.0,5.36,0.0
2022-10-29,0.0,3.24,0.0
2022-10-30,0.0,0.7692307692307693,0.0
2022-10-31,0.34,2.911764705882353,0.0
2022-11-01,0.49000000000000005,3.4098360655737703,0.0
2022-11-02,0.0,2.12,0.0
2022-11-03,0.0,1.76,0.0
2022-11-04,0.0,1.6296296296296295,0.0
2022-11-05,0.0,3.68,0.0
2022-11-06,0.0,4.36,0.0
2022-11-07,0.0,5.88,0.0
2022-11-08,0.0,7.12,0.0
2022-11-09,0.0,4.28,0.0
2022-11-10,0.0,2.88,0.0
2022-11-11,3.85,5.423076923076923,0.0
2022-11-12,0.29,5.675675675675675,0.0
2022-11-13,0.13,4.972222222222222,0.0
2022-11-14,0.0,5.48,0.0
2022-11-15,1.0,8.0,0.0
2022-11-16,0.88,8.847826086956522,0.0
2022-11-17,0.0,7.64,0.0
2022-11-18,0.0,5.04,0.0
2022-11-19,0.0,5.64,0.0
2022-11-20,0.0,9.04,0.0
2022-11-21,0.0,5.24,0.0
2022-11-22,0.0,4.84,0.0
2022-11-23,0.0,4.4,0.0
2022-11-24,0.0,3.96,0.0
2022-11-25,0.03,8.193548387096774,0.0
2022-11-26,0.0,6.68,0.0
2022-11-27,4.01,6.266666666666667,0.0
2022-11-28,0.0,6.75,0.0
2022-11-29,0.0,2.6551724137931036,0.0
2022-11-30,2.03,7.9245283018867925,0.0
2022-12-01,0.0,6.88,0.0
2022-12-02,0.0,3.96,0.0
2022-12-03,1.81,7.0,0.0
2022-12-04,0.0,3.88,0.0
2022-12-05,0.0,2.52,0.0
2022-12-06,4.04,6.285714285714286,0.0
2022-12-07,0.83,4.464285714285714,0.0
2022-12-08,0.0,4.074074074074074,0.0
2022-12-09,0.0,6.08,0.0
2022-12-10,0.0,7.571428571428571,0.0
2022-12-11,0.8,8.58695652173913,0.0
2022-12-12,0.02,7.377777777777778,0.0
2022-12-13,0.0,3.84,0.0
2022-12-14,0.0,6.96,0.0
2022-12-15,0.8400000000000001,9.560975609756097,0.0
2022-12-16,1.8900000000000001,11.790697674418604,0.0
2022-12-17,0.0,7.75,0.0
2022-12-18,0.0,6.92,0.0
2022-12-19,0.0,7.16,0.0
2022-12-20,0.0,4.96,0.0
2022-12-21,0.0,1.6,0.0
2022-12-22,0.44,10.23076923076923,0.0
2022-12-23,8.99,10.555555555555555,0.0
2022-12-24,0.0,10.4,0.0
2022-12-25,0.0,8.16,0.0
2022-12-26,0.0,6.0,0.0
2022-12-27,0.0,5.32,0.0
2022-12-28,0.0,5.407407407407407,0.0
2022-12-29,0.0,6.0,0.0
2022-12-30,0.0,2.96,0.0
2022-12-31,0.92,3.8194444444444446,0.0
2023-01-01,0.0,5.0,0.0
2023-01-02,0.03,3.740740740740741,0.0
2023-01-03,1.34,4.022222222222222,0.0
2023-01-04,0.02,5.162162162162162,0.0
2023-01-05,0.02,6.051282051282051,0.0
2023-01-06,1.01,5.4523809523809526,0.0
2023-01-07,0.0,6.48,0.0
2023-01-08,0.0,4.56,0.0
2023-01-09,0.02,5.133333333333334,0.0
2023-01-10,0.0,4.44,0.0
2023-01-11,0.0,6.56,0.0
2023-01-12,1.1199999999999999,6.52,0.0
2023-01-13,0.22999999999999998,7.634146341463414,0.0
2023-01-14,0.0,8.5,0.0
2023-01-15,0.0,9.777777777777779,0.0
2023-01-16,0.0,7.2,0.0
2023-01-17,0.0,3.967741935483871,0.0
2023-01-18,0.05,7.64,0.0
2023-01-19,2.22,5.804347826086956,0.0
2023-01-20,0.0,5.964285714285714,0.0
2023-01-21,0.0,5.12,0.0
2023-01-22,1.8800000000000001,4.948717948717949,0.0
2023-01-23,1.11,8.217391304347826,0.0
2023-01-24,0.0,6.8076923076923075,0.0
2023-01-25,3.1100000000000003,7.934782608695652,0.0
2023-01-26,2.1100000000000003,9.783783783783784,0.0
2023-01-27,0.0,5.36,0.0
2023-01-28,0.0,7.0,0.0
2023-01-29,0.0,4.6,0.0
2023-01-30,0.0,2.64,0.0
2023-01-31,0.18,5.583333333333333,0.0
2023-02-01,0.1,6.405405405405405,0.4
2023-02-02,0.0,4.72,0.0
2023-02-03,0.0,11.36,0.0
2023-02-04,0.0,7.96,0.0
2023-02-05,0.0,3.0,0.0
2023-02-06,0.0,4.6,0.0
2023-02-07,0.03,4.4,0.0
2023-02-08,0.0,6.0,0.0
2023-02-09,0.0,4.483870967741935,0.0
2023-02-10,0.0,7.88,0.0
2023-02-11,0.0,5.76,0.0
2023-02-12,0.01,4.2,0.0
2023-02-13,0.0,6.482758620689655,0.0
2023-02-14,0.0,5.4,0.0
2023-02-15,0.0,3.96,0.0
2023-02-16,0.07,3.3333333333333335,0.0
2023-02-17,0.7000000000000001,9.324324324324325,0.0
2023-02-18,0.0,7.48,0.0
2023-02-19,0.0,1.84,0.0
2023-02-20,0.0,5.04,0.0
2023-02-21,0.45,4.606060606060606,0.0
2023-02-22,0.28,7.0,0.0
2023-02-23,0.02,6.516129032258065,0.0
2023-02-24,0.0,6.6875,0.0
2023-02-25,0.0,3.1724137931034484,0.0
2023-02-26,0.0,6.84375,0.0
2023-02-27,1.1,6.487804878048781,0.8999999999999999
2023-02-28,0.8200000000000001,7.6,0.9
2023-03-01,0.0,5.137931034482759,0.0
2023-03-02,0.0,5.340909090909091,0.0
2023-03-03,0.37,7.451612903225806,0.0
2023-03-04,3.2800000000000002,9.644444444444444,0.0
2023-03-05,0.0,7.6,0.0
2023-03-06,0.0,5.4,0.0
2023-03-07,0.31,8.880952380952381,0.1
2023-03-08,0.0,7.0,0.0
2023-03-09,0.0,7.76,0.0
2023-03-10,1.12,4.081081081081081,0.0
2023-03-11,0.63,8.21875,0.0
2023-03-12,0.0,4.428571428571429,0.0
2023-03-13,1.4,8.061224489795919,0.0
2023-03-14,0.18,12.450980392156863,0.0
2023-03-15,0.0,12.76,0.0
2023-03-16,0.0,6.0,0.0
2023-03-17,0.0,3.2,0.0
2023-03-18,0.02,6.851851851851852,0.0
2023-03-19,0.0,7.92,0.0
2023-03-20,0.0,4.28,0.0
2023-03-21,0.0,5.32,0.0
2023-03-22,0.0,3.111111111111111,0.0
2023-03-23,0.19,5.925,0.0
2023-03-24,0.0,4.84,0.0
2023-03-25,0.44,8.609756097560975,0.0
2023-03-26,0.0,5.542857142857143,0.0
2023-03-27,0.66,6.176470588235294,0.0
2023-03-28,0.0,4.25,0.0
2023-03-29,0.0,5.4,0.0
2023-03-30,0.02,7.851851851851852,0.0
2023-03-31,0.0,2.230769230769231,0.0
2023-04-01,1.14,3.789473684210526,0.0
2023-04-02,0.0,8.6,0.0
2023-04-03,0.0,4.16,0.0
2023-04-04,0.0,1.72,0.0
2023-04-05,0.0,9.282608695652174,0.0
2023-04-06,0.0,3.1794871794871793,0.0
2023-04-07,0.0,7.6,0.0
2023-04-08,0.0,3.0,0.0
2023-04-09,0.0,3.84,0.0
2023-04-10,0.0,4.6,0.0
2023-04-11,0.0,5.64,0.0
2023-04-12,0.0,5.36,0.0
2023-04-13,0.0,4.76,0.0
2023-04-14,0.0,3.32,0.0
2023-04-15,0.08,3.4339622641509435,0.0
2023-04-16,0.0,3.1363636363636362,0.0
2023-04-17,0.0,5.636363636363637,0.0
2023-04-18,0.0,6.48,0.0
2023-04-19,0.0,5.76,0.0
2023-04-20,0.0,2.52,0.0
2023-04-21,0.0,5.172413793103448,0.0
2023-04-22,3.07,8.069767441860465,0.0
2023-04-23,5.49,5.622641509433962,0.0
2023-04-24,0.0,4.08,0.0
2023-04-25,0.0,2.16,0.0
2023-04-26,0.0,2.0,0.0
2023-04-27,0.0,3.6842105263157894,0.0
2023-04-28,0.81,7.365853658536586,0.0
2023-04-29,6.32,8.210526315789474,0.0
2023-04-30,12.21,7.875,0.0
2023-05-01,0.58,7.882352941176471,0.0
2023-05-02,0.9600000000000001,7.285714285714286,0.0
2023-05-03,0.0,2.6,0.0
2023-05-04,0.08,4.4324324324324325,0.0
2023-05-05,0.0,2.0357142857142856,0.0
2023-05-06,0.0,2.76,0.0
2023-05-07,0.02,2.32,0.0
2023-05-08,0.0,4.32,0.0
2023-05-09,0.0,2.56,0.0
2023-05-10,0.0,2.0,0.0
2023-05-11,0.0,3.36,0.0
2023-05-12,0.0,2.8,0.0
2023-05-13,0.0,3.0,0.0
2023-05-14,0.0,5.92,0.0
2023-05-15,0.0,3.64,0.0
2023-05-16,0.0,4.88,0.0
2023-05-17,0.0,5.3076923076923075,0.0
2023-05-18,0.0,3.68,0.0
2023-05-19,0.0,1.4,0.0
2023-05-20,3.96,4.217391304347826,0.0
2023-05-21,0.06,5.0,0.0
2023-05-22,0.0,2.52,0.0
2023-05-23,0.0,2.6,0.0
2023-05-24,0.14,3.037037037037037,0.0
2023-05-25,0.0,6.961538461538462,0.0
2023-05-26,0.0,3.12,0.0
2023-05-27,0.0,3.12,0.0
2023-05-28,0.0,2.08,0.0
2023-05-29,0.0,4.84,0.0
2023-05-30,0.0,4.72,0.0
2023-05-31,0.0,2.2857142857142856,0.0
2023-06-01,0.0,1.68,0.0
2023-06-02,1.2,4.090909090909091,0.0
2023-06-03,0.0,8.368421052631579,0.0
2023-06-04,0.0,5.538461538461538,0.0
2023-06-05,0.0,2.64,0.0
2023-06-06,0.0,5.566666666666666,0.0
2023-06-07,0.0,6.17948717948718,0.0
2023-06-08,0.0,2.8823529411764706,0.0
2023-06-09,0.0,3.8,0.0
2023-06-10,0.0,3.64,0.0
2023-06-11,0.01,0.76,0.0
2023-06-12,1.1500000000000001,3.625,0.0
2023-06-13,0.0,4.678571428571429,0.0
2023-06-14,0.6300000000000001,4.78125,0.0
2023-06-15,0.0,4.52,0.0
2023-06-16,0.52,3.375,0.0
2023-06-17,0.0,4.37037037037037,0.0
2023-06-18,0.0,4.2,0.0
2023-06-19,0.0,3.6,0.0
2023-06-20,0.0,5.9375,0.0
2023-06-21,0.0,10.37037037037037,0.0
2023-06-22,0.0,10.666666666666666,0.0
2023-06-23,0.13,3.795918367346939,0.0
2023-06-24,0.22999999999999998,0.575,0.0
2023-06-25,0.0,1.16,0.0
2023-06-26,2.03,5.782608695652174,0.0
2023-06-27,0.84,2.4285714285714284,0.0
2023-06-28,0.0,3.3870967741935485,0.0
2023-06-29,0.0,2.4074074074074074,0.0
2023-06-30,0.0,2.1818181818181817,0.0
2023-07-01,0.0,2.16,0.0
2023-07-02,2.65,3.7083333333333335,0.0
2023-07-03,1.57,3.1379310344827585,0.0
2023-07-04,4.78,1.2083333333333333,0.0
2023-07-05,0.0,1.9722222222222223,0.0
2023-07-06,0.0,1.24,0.0
2023-07-07,0.0,0.918918918918919,0.0
2023-07-08,0.0,2.4242424242424243,0.0
2023-07-09,4.59,3.3125,0.0
2023-07-10,0.0,4.27906976744186,0.0
2023-07-11,0.0,2.6,0.0
2023-07-12,0.0,3.12,0.0
2023-07-13,0.0,1.96,0.0
2023-07-14,1.98,6.6521739130434785,0.0
2023-07-15,0.07,2.128205128205128,0.0
2023-07-16,7.3,3.032258064516129,0.0
2023-07-17,0.0,3.066666666666667,0.0
2023-07-18,1.06,2.764705882352941,0.0
2023-07-19,0.0,1.4482758620689655,0.0
2023-07-20,0.0,2.375,0.0
2023-07-21,0.7400000000000001,2.8055555555555554,0.0
2023-07-22,0.0,2.64,0.0
2023-07-23,0.0,1.24,0.0
2023-07-24,0.0,3.16,0.0
2023-07-25,1.6,3.9722222222222223,0.0
2023-07-26,0.0,1.7692307692307692,0.0
2023-07-27,0.7100000000000001,4.057142857142857,0.0
2023-07-28,0.0,2.24,0.0
2023-07-29,0.21000000000000002,5.833333333333333,0.0
2023-07-30,0.0,4.6,0.0
2023-07-31,0.0,3.1538461538461537,0.0
2023-08-01,0.0,4.24,0.0
2023-08-02,0.0,3.04,0.0
2023-08-03,0.0,2.28,0.0
2023-08-04,0.0,3.888888888888889,0.0
2023-08-05,0.0,3.0303030303030303,0.0
2023-08-06,0.0,2.1153846153846154,0.0
2023-08-07,7.17,3.661290322580645,0.0
2023-08-08,0.05,4.612903225806452,0.0
2023-08-09,0.0,6.48,0.0
2023-08-10,1.6300000000000001,2.2115384615384617,0.0
2023-08-11,0.0,3.12,0.0
2023-08-12,0.0,2.8,0.0
2023-08-13,1.31,4.4,0.0
2023-08-14,0.04,1.32,0.0
2023-08-15,2.42,7.426470588235294,0.0
2023-08-16,9.15,3.9,0.0
2023-08-17,0.0,3.5476190476190474,0.0
2023-08-18,2.93,5.194444444444445,0.0
2023-08-19,0.0,5.0,0.0
2023-08-20,0.0,3.16,0.0
2023-08-21,0.0,4.3076923076923075,0.0
2023-08-22,0.0,4.923076923076923,0.0
2023-08-23,0.0,3.08,0.0
2023-08-24,0.7300000000000001,2.8444444444444446,0.0
2023-08-25,1.74,2.851063829787234,0.0
2023-08-26,4.16,3.3658536585365852,0.0
2023-08-27,0.0,4.32,0.0
2023-08-28,0.0,4.068181818181818,0.0
2023-08-29,0.0,4.486486486486487,0.0
2023-08-30,1.9100000000000001,4.145833333333333,0.0
2023-08-31,0.0,6.846153846153846,0.0
2023-09-01,0.0,4.44,0.0
2023-09-02,0.0,2.16,0.0
2023-09-03,0.0,3.56,0.0
2023-09-04,0.0,1.64,0.0
2023-09-05,0.0,2.68,0.0
2023-09-06,0.0,2.24,0.0
2023-09-07,0.0,2.0,0.0
2023-09-08,0.37,2.5476190476190474,0.0
2023-09-09,0.03,2.608695652173913,0.0
2023-09-10,12.81,5.0,0.0
2023-09-11,12.88,4.958904109589041,0.0
2023-09-12,0.0,1.696969696969697,0.0
2023-09-13,0.7100000000000001,3.4444444444444446,0.0
2023-09-14,0.0,5.928571428571429,0.0
2023-09-15,0.0,5.76,0.0
2023-09-16,0.0,6.08,0.0
2023-09-17,0.66,2.0,0.0
2023-09-18,7.16,4.9523809523809526,0.0
2023-09-19,0.0,4.08,0.0
2023-09-20,0.0,2.28,0.0
2023-09-21,0.0,3.36,0.0
2023-09-22,0.0,6.6,0.0
2023-09-23,4.06,13.241935483870968,0.0
2023-09-24,4.2700000000000005,12.821428571428571,0.0
2023-09-25,1.6500000000000001,10.461538461538462,0.0
2023-09-26,0.46,7.565217391304348,0.0
2023-09-27,0.0,6.846153846153846,0.0
2023-09-28,2.42,8.088888888888889,0.0
2023-09-29,21.34,9.538461538461538,0.0
2023-09-30,0.16,6.377777777777778,0.0
2023-10-01,0.0,4.208333333333333,0.0
2023-10-02,0.0,2.2,0.0
2023-10-03,0.0,0.72,0.0
2023-10-04,0.0,1.48,0.0
2023-10-05,0.0,3.037037037037037,0.0
2023-10-06,0.66,4.38,0.0
2023-10-07,1.74,6.584905660377358,0.0
2023-10-08,0.0,5.92,0.0
2023-10-09,0.0,3.56,0.0
2023-10-10,0.02,2.72,0.0
2023-10-11,0.0,1.76,0.0
2023-10-12,0.0,1.6,0.0
2023-10-13,0.0,3.68,0.0
2023-10-14,2.63,5.96,0.0
2023-10-15,0.01,5.814814814814815,0.0
2023-10-16,0.0,4.24,0.0
2023-10-17,0.0,2.8,0.0
2023-10-18,0.0,1.8,0.0
2023-10-19,0.0,1.96,0.0
2023-10-20,4.5200000000000005,4.784810126582278,0.0
2023-10-21,4.88,4.736111111111111,0.0
2023-10-22,0.0,8.2,0.0
2023-10-23,0.0,5.4,0.0
2023-10-24,0.0,3.0,0.0
2023-10-25,0.0,4.96,0.0
2023-10-26,0.0,2.24,0.0
2023-10-27,0.0,3.68,0.0
2023-10-28,0.0,4.68,0.0
2023-10-29,2.0300000000000002,9.0,0.0
2023-10-30,1.77,4.722222222222222,0.0
2023-10-31,0.0,3.4615384615384617,0.0
2023-11-01,0.01,6.037037037037037,0.0
2023-11-02,0.0,4.04,0.0
2023-11-03,0.0,5.0,0.0
2023-11-04,0.0,2.88,0.0
2023-11-05,0.0,2.0384615384615383,0.0
2023-11-06,0.0,3.68,0.0
2023-11-07,0.060000000000000005,4.44,0.0
2023-11-08,0.0,5.08,0.0
2023-11-09,0.0,3.1153846153846154,0.0
2023-11-10,0.0,4.208333333333333,0.0
2023-11-11,0.0,3.72,0.0
2023-11-12,0.0,5.24,0.0
2023-11-13,0.0,3.52,0.0
2023-11-14,0.0,4.84,0.0
2023-11-15,0.0,2.88,0.0
2023-11-16,0.0,3.52,0.0
2023-11-17,0.0,4.0,0.0
2023-11-18,0.0,5.9655172413793105,0.0
2023-11-19,0.0,4.76,0.0
2023-11-20,0.0,4.96,0.0
2023-11-21,1.45,7.685714285714286,0.0
2023-11-22,5.37,6.458333333333333,0.0
2023-11-23,0.0,7.344827586206897,0.0
2023-11-24,0.0,6.04,0.0
2023-11-25,0.0,2.32,0.0
2023-11-26,0.91,6.428571428571429,0.0
2023-11-27,0.27,7.064516129032258,0.0
2023-11-28,0.0,9.44,0.0
2023-11-29,0.0,4.04,0.0
2023-11-30,0.0,5.769230769230769,0.0
2023-12-01,1.16,4.513513513513513,0.0
2023-12-02,0.0,3.6129032258064515,0.0
2023-12-03,1.27,7.395833333333333,0.0
2023-12-04,0.0,4.821428571428571,0.0
2023-12-05,0.0,4.36,0.0
2023-12-06,0.0,5.72,0.0
2023-12-07,0.0,5.703703703703703,0.0
2023-12-08,0.0,2.48,0.0
2023-12-09,0.0,2.7241379310344827,0.0
2023-12-10,4.390000000000001,5.8979591836734695,0.0
2023-12-11,2.63,8.608695652173912,0.0
2023-12-12,0.0,5.12,0.0
2023-12-13,0.0,6.12,0.0
2023-12-14,0.0,6.12,0.0
2023-12-15,0.0,4.76,0.0
2023-12-16,0.0,6.148148148148148,0.0
2023-12-17,1.09,7.825,0.0
2023-12-18,8.36,11.137931034482758,0.0
2023-12-19,0.0,7.84,0.0
2023-12-20,0.0,6.08,0.0
2023-12-21,0.0,6.2,0.0
2023-12-22,0.0,3.04,0.0
2023-12-23,0.0,3.7777777777777777,0.0
2023-12-24,0.02,1.2121212121212122,0.0
2023-12-25,0.0,4.071428571428571,0.0
2023-12-26,0.0,2.736842105263158,0.0
2023-12-27,1.25,7.095238095238095,0.0
2023-12-28,4.08,8.278688524590164,0.0
2023-12-29,0.16999999999999998,3.588235294117647,0.0
2023-12-30,0.0,6.37037037037037,0.0
2023-12-31,0.0,5.416666666666667,0.0
2024-01-01,0.04,3.5,0.0
2024-01-02,0.0,4.32,0.0
2024-01-03,0.0,4.6,0.0
2024-01-04,0.0,6.96,0.0
2024-01-05,0.0,5.4,0.0
2024-01-06,1.1600000000000001,9.295454545454545,0.2
2024-01-07,0.47,8.525,0.0
2024-01-08,0.0,5.241379310344827,0.0
2024-01-09,8.24,9.7,0.0
2024-01-10,0.9600000000000001,8.485714285714286,0.0
2024-01-11,0.0,6.2,0.0
2024-01-12,0.29000000000000004,7.172413793103448,0.0
2024-01-13,2.33,8.91891891891892,0.0
2024-01-14,0.0,8.2,0.0
2024-01-15,0.14,4.96875,0.4
2024-01-16,1.3,11.4125,1.3
2024-01-17,0.0,6.68,0.0
2024-01-18,0.0,5.379310344827586,0.0
2024-01-19,0.15,9.784313725490197,0.4
2024-01-20,0.0,10.04,0.0
2024-01-21,0.0,8.04,0.0
2024-01-22,0.0,6.08,0.0
2024-01-23,0.060000000000000005,4.2,0.0
2024-01-24,0.12,3.3076923076923075,0.0
2024-01-25,0.67,4.395833333333333,0.0
2024-01-26,0.66,6.781818181818182,0.0
2024-01-27,0.0,4.282051282051282,0.0
2024-01-28,2.38,10.755102040816327,0.0
2024-01-29,0.12,6.694444444444445,0.0
2024-01-30,0.0,5.382352941176471,0.0
2024-01-31,0.0,4.394736842105263,0.0
2024-02-01,0.0,3.2962962962962963,0.0
2024-02-02,0.97,6.369565217391305,0.0
2024-02-03,0.0,7.76,0.0
2024-02-04,0.0,4.4,0.0
2024-02-05,0.0,7.08,0.0
2024-02-06,0.0,6.36,0.0
2024-02-07,0.0,3.92,0.0
2024-02-08,0.0,3.0,0.0
2024-02-09,0.0,4.48,0.0
2024-02-10,0.0,2.96,0.0
2024-02-11,0.0,5.88,0.0
2024-02-12,0.0,4.44,0.0
2024-02-13,1.9600000000000002,9.340425531914894,3.2
2024-02-14,0.0,10.72,0.0
2024-02-15,0.0,4.56,0.0
2024-02-16,0.0,7.68,0.0
2024-02-17,0.5,6.5,2.0
2024-02-18,0.0,6.56,0.0
2024-02-19,0.0,4.24,0.0
2024-02-20,0.0,4.92,0.0
2024-02-21,0.0,4.074074074074074,0.0
2024-02-22,0.07,5.378378378378378,0.0
2024-02-23,0.09,4.72093023255814,0.0
2024-02-24,0.0,5.76,0.0
2024-02-25,0.0,4.16,0.0
2024-02-26,0.01,4.08,0.0
2024-02-27,2.0900000000000003,5.9375,0.0
2024-02-28,0.54,7.634146341463414,0.0
2024-02-29,0.0,9.192307692307692,0.0
2024-03-01,0.0,3.68,0.0
2024-03-02,3.17,4.978260869565218,0.0
2024-03-03,0.0,5.324324324324325,0.0
2024-03-04,0.0,5.321428571428571,0.0
2024-03-05,1.48,11.617647058823529,0.0
2024-03-06,3.25,6.558139534883721,0.0
2024-03-07,0.25,8.30952380952381,0.0
2024-03-08,0.0,4.923076923076923,0.0
2024-03-09,5.6,8.557692307692308,0.0
2024-03-10,0.1,8.945945945945946,0.0
2024-03-11,0.0,12.56,0.0
2024-03-12,0.0,5.2,0.0
2024-03-13,0.0,3.16,0.0
2024-03-14,0.0,2.4,0.0
2024-03-15,0.0,6.4,0.0
2024-03-16,0.0,4.48,0.0
2024-03-17,0.0,5.592592592592593,0.0
2024-03-18,0.0,7.12,0.0
2024-03-19,0.0,6.76,0.0
2024-03-20,0.02,5.851851851851852,0.0
2024-03-21,0.0,7.76,0.0
2024-03-22,0.0,4.961538461538462,0.0
2024-03-23,15.51,8.569444444444445,0.0
2024-03-24,0.0,6.76,0.0
2024-03-25,0.0,8.28,0.0
2024-03-26,0.0,7.5476190476190474,0.0
2024-03-27,0.19,3.8292682926829267,0.0
2024-03-28,2.42,6.121212121212121,0.0
2024-03-29,0.0,9.6,0.0
2024-03-30,0.07,8.0,0.0
2024-03-31,0.02,3.7857142857142856,0.0
2024-04-01,0.01,2.96,0.0
2024-04-02,2.5,8.326086956521738,0.0
2024-04-03,4.89,15.903225806451612,0.0
2024-04-04,0.78,9.08108108108108,0.0
2024-04-05,0.0,7.612903225806452,0.0
2024-04-06,0.0,6.52,0.0
2024-04-07,0.0,5.84,0.0
2024-04-08,0.0,2.28,0.0
2024-04-09,0.0,2.76,0.0
2024-04-10,0.0,7.103448275862069,0.0
2024-04-11,0.64,6.739130434782608,0.0
2024-04-12,1.22,7.955555555555556,0.0
2024-04-13,0.01,10.88,0.0
2024-04-14,0.09999999999999999,3.88,0.0
2024-04-15,0.0,4.28,0.0
2024-04-16,0.0,3.64,0.0
2024-04-17,0.02,7.53125,0.0
2024-04-18,0.01,11.114285714285714,0.0
2024-04-19,0.0,5.705882352941177,0.0
2024-04-20,0.12,3.5,0.0
2024-04-21,0.0,5.2,0.0
2024-04-22,0.0,3.4,0.0
2024-04-23,0.0,4.28,0.0
2024-04-24,0.0,4.28,0.0
2024-04-25,0.0,4.68,0.0
2024-04-26,0.0,4.0,0.0
2024-04-27,0.0,2.56,0.0
2024-04-28,0.02,1.3793103448275863,0.0
2024-04-29,0.02,3.3214285714285716,0.0
2024-04-30,0.04,8.735294117647058,0.0
2024-05-01,0.02,3.21875,0.0
2024-05-02,0.0,3.357142857142857,0.0
2024-05-03,0.0,4.962962962962963,0.0
2024-05-04,0.0,5.071428571428571,0.0
2024-05-05,1.01,3.9130434782608696,0.0
2024-05-06,0.0,2.6739130434782608,0.0
2024-05-07,0.0,2.92,0.0
2024-05-08,2.0,4.4411764705882355,0.0
2024-05-09,0.0,6.230769230769231,0.0
2024-05-10,0.71,7.895833333333333,0.0
2024-05-11,0.0,2.962962962962963,0.0
2024-05-12,0.26,2.948717948717949,0.0
2024-05-13,0.0,4.0,0.0
2024-05-14,0.03,1.36,0.0
2024-05-15,0.99,7.180327868852459,0.0
2024-05-16,1.17,9.96078431372549,0.0
2024-05-17,0.0,3.7857142857142856,0.0
2024-05-18,0.06,4.28125,0.0
2024-05-19,0.0,4.484848484848484,0.0
2024-05-20,0.0,3.5357142857142856,0.0
2024-05-21,0.0,2.96,0.0
2024-05-22,0.0,4.76,0.0
2024-05-23,4.2,4.375,0.0
2024-05-24,0.0,2.16,0.0
2024-05-25,0.0,2.4,0.0
2024-05-26,0.0,3.8333333333333335,0.0
2024-05-27,8.1,5.197183098591549,0.0
2024-05-28,0.0,5.433333333333334,0.0
2024-05-29,2.74,4.933333333333334,0.0
2024-05-30,1.29,5.714285714285714,0.0
2024-05-31,0.0,3.8461538461538463,0.0
2024-06-01,0.0,2.84,0.0
2024-06-02,0.0,2.08,0.0
2024-06-03,0.0,3.12,0.0
2024-06-04,0.0,2.6,0.0
2024-06-05,0.0,2.4634146341463414,0.0
2024-06-06,4.41,4.3125,0.0
2024-06-07,0.0,3.36,0.0
2024-06-08,0.0,5.08,0.0
2024-06-09,0.0,4.24,0.0
2024-06-10,0.0,4.88,0.0
2024-06-11,0.0,3.2,0.0
2024-06-12,0.0,1.76,0.0
2024-06-13,0.0,3.32,0.0
2024-06-14,1.58,4.266666666666667,0.0
2024-06-15,0.0,3.24,0.0
2024-06-16,0.0,4.64,0.0
2024-06-17,0.0,2.3703703703703702,0.0
2024-06-18,0.0,2.28,0.0
2024-06-19,0.0,2.16,0.0
2024-06-20,0.0,3.08,0.0
2024-06-21,0.0,3.0,0.0
2024-06-22,0.48,1.7741935483870968,0.0
2024-06-23,0.0,2.76,0.0
2024-06-24,0.0,4.72,0.0
2024-06-25,0.0,3.6,0.0
2024-06-26,0.24,3.111111111111111,0.0
2024-06-27,0.97,5.21875,0.0
2024-06-28,0.0,3.32,0.0
2024-06-29,0.07,3.6451612903225805,0.0
2024-06-30,0.6599999999999999,5.190476190476191,0.0
2024-07-01,0.0,5.6,0.0
2024-07-02,0.0,2.84,0.0
2024-07-03,0.0,3.04,0.0
2024-07-04,0.12,2.1666666666666665,0.0
2024-07-05,0.2,2.9411764705882355,0.0
2024-07-06,0.2,2.658536585365854,0.0
2024-07-07,0.0,3.96,0.0
2024-07-08,0.0,1.52,0.0
2024-07-09,0.0,2.16,0.0
2024-07-10,0.0,2.3461538461538463,0.0
2024-07-11,0.3,4.151515151515151,0.0
2024-07-12,0.16,1.6451612903225807,0.0
2024-07-13,14.09,2.7169811320754715,0.0
2024-07-14,0.0,1.96,0.0
2024-07-15,0.48,2.774193548387097,0.0
2024-07-16,0.0,2.84,0.0
2024-07-17,10.5,3.2777777777777777,0.0
2024-07-18,0.0,3.526315789473684,0.0
2024-07-19,0.0,2.64,0.0
2024-07-20,0.0,1.72,0.0
2024-07-21,0.0,2.4615384615384617,0.0
2024-07-22,0.05,3.2777777777777777,0.0
2024-07-23,0.46,5.177777777777778,0.0
2024-07-24,0.0,4.967741935483871,0.0
2024-07-25,0.0,3.2432432432432434,0.0
2024-07-26,0.0,4.48,0.0
2024-07-27,0.0,3.12,0.0
2024-07-28,0.0,3.44,0.0
2024-07-29,0.15,3.0,0.0
2024-07-30,0.0,2.1333333333333333,0.0
2024-07-31,0.06,2.6666666666666665,0.0
2024-08-01,0.0,1.76,0.0
2024-08-02,3.14,4.114285714285714,0.0
2024-08-03,3.8400000000000003,5.7,0.0
2024-08-04,0.34,3.9444444444444446,0.0
2024-08-05,0.0,2.64,0.0
2024-08-06,11.92,5.125,0.0
2024-08-07,0.66,8.646153846153846,0.0
2024-08-08,1.39,7.392857142857143,0.0
2024-08-09,0.33,6.065217391304348,0.0
2024-08-10,0.0,3.814814814814815,0.0
2024-08-11,0.0,2.24,0.0
2024-08-12,0.0,3.08,0.0
2024-08-13,0.0,3.12,0.0
2024-08-14,0.0,2.88,0.0
2024-08-15,0.0,0.72,0.0
2024-08-16,0.0,3.12,0.0
2024-08-17,0.16,3.8703703703703702,0.0
2024-08-18,12.93,5.065217391304348,0.0
2024-08-19,0.5,3.225806451612903,0.0
2024-08-20,0.0,5.448275862068965,0.0
2024-08-21,0.0,5.44,0.0
2024-08-22,0.0,2.76,0.0
2024-08-23,0.0,2.24,0.0
2024-08-24,0.0,1.28,0.0
2024-08-25,0.0,2.48,0.0
2024-08-26,0.04,2.0,0.0
2024-08-27,0.0,2.2,0.0
2024-08-28,0.0,4.72,0.0
2024-08-29,0.0,6.34375,0.0
2024-08-30,0.81,4.823529411764706,0.0
2024-08-31,0.0,2.3076923076923075,0.0
2024-09-01,0.0,2.787878787878788,0.0
2024-09-02,0.0,4.08,0.0
2024-09-03,0.0,3.48,0.0
2024-09-04,0.0,1.56,0.0
2024-09-05,0.0,4.44,0.0
2024-09-06,0.0,3.388888888888889,0.0
2024-09-07,1.45,4.319148936170213,0.0
2024-09-08,0.0,4.08,0.0
2024-09-09,0.0,2.4,0.0
2024-09-10,0.0,3.92,0.0
2024-09-11,0.0,2.2,0.0
2024-09-12,0.0,1.8620689655172413,0.0
2024-09-13,0.0,1.24,0.0
2024-09-14,0.0,2.48,0.0
2024-09-15,0.0,4.413793103448276,0.0
2024-09-16,0.0,5.2,0.0
2024-09-17,0.0,4.4,0.0
2024-09-18,0.0,5.7407407407407405,0.0
2024-09-19,0.0,4.96,0.0
2024-09-20,0.0,6.928571428571429,0.0
2024-09-21,0.0,6.777777777777778,0.0
2024-09-22,0.0,6.0,0.0
2024-09-23,0.04,6.8,0.0
2024-09-24,0.0,6.375,0.0
2024-09-25,0.0,5.03030303030303,0.0
2024-09-26,0.18,2.0869565217391304,0.0
2024-09-27,0.52,5.4411764705882355,0.0
2024-09-28,0.72,9.44,0.0
2024-09-29,2.93,6.701754385964913,0.0
2024-09-30,0.0,5.161290322580645,0.0
2024-10-01,0.0,6.891891891891892,0.0
2024-10-02,0.0,4.709677419354839,0.0
2024-10-03,0.0,0.7307692307692307,0.0
2024-10-04,0.0,1.1785714285714286,0.0
2024-10-05,0.0,3.68,0.0
2024-10-06,0.0,2.04,0.0
2024-10-07,0.0,4.346153846153846,0.0
2024-10-08,0.0,2.36,0.0
2024-10-09,0.0,3.2,0.0
2024-10-10,0.0,3.72,0.0
2024-10-11,0.0,3.32,0.0
2024-10-12,0.0,3.76,0.0
2024-10-13,0.0,5.04,0.0
2024-10-14,0.0,6.176470588235294,0.0
2024-10-15,0.0,4.4,0.0
2024-10-16,0.0,5.0,0.0
2024-10-17,0.0,4.76,0.0
2024-10-18,0.0,4.2,0.0
2024-10-19,0.0,1.375,0.0
2024-10-20,0.0,1.48,0.0
2024-10-21,0.0,2.32,0.0
2024-10-22,0.0,1.4736842105263157,0.0
